time,open,high,low,close,volume
2022-02-03 18:30:00,136.355176088,136.355176088,136.355176088,136.355176088,144
2022-02-03 17:30:00,136.720686594,136.720686594,136.720686594,136.720686594,300
2022-02-03 17:15:00,136.62189997,136.720686594,136.108209529,136.572506659,112643
2022-02-03 17:00:00,136.720686594,136.720686594,136.700929269,136.700929269,200
2022-02-03 16:45:00,136.562627996,136.671293282,136.532992009,136.671293282,2233
2022-02-03 16:30:00,136.108209529,136.700929269,136.108209529,136.700929269,13624
2022-02-03 16:15:00,136.108209529,136.325540101,136.108209529,136.325540101,68216
2022-02-03 16:00:00,136.06869488,136.305782776,135.841485647,136.118088192,624420
2022-02-03 15:45:00,136.457716603,136.513234685,136.019301569,136.087464339,289554
2022-02-03 15:30:00,136.424326724,136.730565256,136.345297425,136.453962711,241826
2022-02-03 15:15:00,136.384812075,136.523113347,136.187238828,136.414448062,188295
2022-02-03 15:00:00,136.710807931,136.760201243,136.246510802,136.355373661,207234
2022-02-03 14:45:00,136.868866529,137.04668245,136.592263983,136.681171944,238199
2022-02-03 14:30:00,136.849109204,137.076318437,136.779958568,136.888525067,365019
2022-02-03 14:15:00,136.444084049,137.017046463,136.379872743,136.844169873,453478
2022-02-03 14:00:00,136.093391536,136.51570435,136.088452205,136.448628233,312541
2022-02-03 13:45:00,135.900757621,136.216874815,135.900757621,136.088452205,143955
2022-02-03 13:30:00,135.742699023,135.929405741,135.713063036,135.871121634,132085
2022-02-03 13:15:00,135.68253797,135.782213673,135.392006511,135.732820361,126260
2022-02-03 13:00:00,135.663669725,135.713063036,135.495732465,135.663669725,110649
2022-02-03 12:45:00,135.436460491,135.718002368,135.426581829,135.663669725,101575
2022-02-03 12:30:00,135.189493933,135.535247115,135.031435336,135.406824504,92070
2022-02-03 12:15:00,135.080828648,135.288280556,134.967224031,135.189493933,100283
2022-02-03 12:00:00,135.367309855,135.604397751,135.041313998,135.061071323,216339
2022-02-03 11:45:00,135.658730394,135.752577686,135.169736608,135.367309855,132499
2022-02-03 11:30:00,135.564883102,135.762456348,135.475975141,135.653791062,142951
2022-02-03 11:15:00,135.43152116,135.634033738,135.278401894,135.584640426,136684
2022-02-03 11:00:00,135.377188517,135.614276413,135.296282273,135.446042794,147389
2022-02-03 10:45:00,134.853619414,135.38706718,134.82388464,135.357431193,151913
2022-02-03 10:30:00,134.784468778,134.982042024,134.49798757,134.883255401,157083
2022-02-03 10:15:00,134.952406037,135.169736608,134.517744895,134.827144599,130694
2022-02-03 10:00:00,135.199372595,135.525368452,134.675803492,134.972163362,199665
2022-02-03 09:45:00,135.337673868,135.890878958,134.182858242,135.169736608,371264
2022-02-03 09:30:00,134.79434744,135.564883102,134.79434744,135.564883102,2614
2022-02-03 09:15:00,134.438715596,134.823983427,134.399200947,134.79434744,4441
2022-02-03 09:00:00,134.833862089,134.833862089,134.527623557,134.646167505,666
2022-02-03 08:45:00,134.942527375,134.952406037,134.893134063,134.952406037,3272
2022-02-03 08:15:00,135.041313998,135.070949985,135.041313998,135.070949985,2273
2022-02-03 07:00:00,134.656046168,134.656046168,134.656046168,134.656046168,187
2022-02-03 06:00:00,134.656046168,134.656046168,134.646167505,134.646167505,366
2022-02-02 20:00:00,134.912891388,134.912891388,134.744954128,134.744954128,361
2022-02-02 19:45:00,134.912891388,134.912891388,134.912891388,134.912891388,100
2022-02-02 19:00:00,135.041313998,135.041313998,135.041313998,135.041313998,165
2022-02-02 18:45:00,135.041313998,135.041313998,135.041313998,135.041313998,409
2022-02-02 18:30:00,135.327795206,135.327795206,135.327795206,135.327795206,100
2022-02-02 18:15:00,135.327795206,135.337673868,135.327795206,135.337673868,304
2022-02-02 18:00:00,135.140100621,135.140100621,134.903012726,134.903012726,327
2022-02-02 17:45:00,135.584640426,135.584640426,135.041313998,135.041313998,21525
2022-02-02 17:30:00,134.814104765,134.843740752,134.814104765,134.843740752,264
2022-02-02 17:00:00,135.337673868,135.337673868,135.09070731,135.09070731,859
2022-02-02 16:45:00,135.09070731,135.584640426,135.09070731,135.337673868,13730
2022-02-02 16:30:00,135.910636283,135.910636283,135.140100621,135.140100621,2296
2022-02-02 16:15:00,135.584640426,135.584640426,135.140100621,135.337673868,347326
2022-02-02 16:00:00,135.713063036,135.81184966,135.51548979,135.574761764,447735
2022-02-02 15:45:00,135.534950755,135.885939627,135.456217816,135.703184374,380961
2022-02-02 15:30:00,135.278401894,135.732820361,135.224069251,135.524380586,411757
2022-02-02 15:15:00,135.220117786,135.308037881,135.120343297,135.263583901,144081
2022-02-02 15:00:00,134.893134063,135.34755253,134.893134063,135.21912992,201214
2022-02-02 14:45:00,134.775281622,134.952406037,134.774590115,134.863498076,97536
2022-02-02 14:30:00,134.843740752,134.843740752,134.675803492,134.774590115,78379
2022-02-02 14:15:00,134.778442794,134.932648713,134.626410181,134.843740752,80640
2022-02-02 14:00:00,134.764711453,134.823983427,134.315232317,134.764711453,108525
2022-02-02 13:45:00,134.664344244,134.883255401,134.626410181,134.79434744,92152
2022-02-02 13:30:00,134.404140278,134.735075466,134.389322285,134.670864161,109658
2022-02-02 13:15:00,134.409079609,134.49798757,134.162903344,134.389322285,105213
2022-02-02 13:00:00,134.458472921,134.596774194,134.379739982,134.409079609,86462
2022-02-02 12:45:00,134.577016869,134.715318141,134.382110861,134.438715596,60851
2022-02-02 12:30:00,134.389322285,134.636288843,134.379443622,134.606652856,90091
2022-02-02 12:15:00,134.30051311,134.542441551,134.247069547,134.399200947,72098
2022-02-02 12:00:00,134.675803492,134.764711453,134.30080947,134.30080947,82064
2022-02-02 11:45:00,134.725196804,134.735075466,134.191749038,134.636288843,110101
2022-02-02 11:30:00,134.290535661,134.893134063,134.242130216,134.705439479,115504
2022-02-02 11:15:00,134.11271974,134.389322285,134.033690441,134.310292986,95414
2022-02-02 11:00:00,134.142355727,134.270778337,133.895389168,134.132477064,226699
2022-02-02 10:45:00,133.697815922,134.211506363,133.618786623,134.171991714,110253
2022-02-02 10:30:00,134.080416514,134.349807635,133.68793726,133.700088014,123212
2022-02-02 10:15:00,134.310292986,134.527623557,133.915146493,134.07320509,142675
2022-02-02 10:00:00,134.715318141,135.011678011,134.092962415,134.280656999,209571
2022-02-02 09:45:00,134.053447766,135.031435336,133.628665286,134.666023616,368696
2022-02-02 09:30:00,133.855874519,134.330050311,133.855874519,134.330050311,4059
2022-02-02 09:15:00,133.855874519,133.855874519,133.855874519,133.855874519,201
2022-02-02 09:00:00,134.596774194,134.596774194,133.885510506,133.885510506,4065
2022-02-02 08:45:00,134.349807635,134.36956496,134.349807635,134.36956496,320
2022-02-02 08:30:00,133.885510506,134.102841077,133.885510506,133.885510506,127713
2022-02-02 08:15:00,134.102841077,134.36956496,133.885510506,134.36956496,2272
2022-02-02 07:45:00,134.320171648,134.320171648,134.320171648,134.320171648,193
2022-02-02 07:15:00,134.152234389,134.152234389,133.964539805,133.964539805,3067
2022-02-01 20:00:00,133.954661142,133.954661142,133.954661142,133.954661142,100
2022-02-01 19:45:00,134.043569103,134.043569103,134.043569103,134.043569103,500
2022-02-01 19:30:00,133.806481207,134.053447766,133.806481207,134.053447766,864
2022-02-01 19:15:00,133.806481207,133.806481207,133.806481207,133.806481207,1706
2022-02-01 18:45:00,133.816458656,133.816458656,133.816458656,133.816458656,500
2022-02-01 18:30:00,133.855874519,133.905267831,133.81635987,133.81635987,1103
2022-02-01 18:15:00,134.083083753,134.092962415,133.855973306,133.855973306,1771
2022-02-01 18:00:00,134.083083753,134.083083753,134.083083753,134.083083753,100
2022-02-01 17:45:00,133.81635987,134.11271974,133.81635987,134.11271974,633
2022-02-01 17:30:00,134.043569103,134.043569103,134.043569103,134.043569103,305
2022-02-01 17:15:00,133.885510506,133.885510506,133.885510506,133.885510506,15402
2022-02-01 17:00:00,133.806481207,133.806481207,133.806481207,133.806481207,107
2022-02-01 16:45:00,133.81635987,133.81635987,133.806481207,133.806481207,403
2022-02-01 16:30:00,134.102841077,134.102841077,133.855874519,133.855874519,695
2022-02-01 16:15:00,133.885510506,134.171991714,133.855874519,133.855874519,145735
2022-02-01 16:00:00,134.092962415,134.24114235,133.77684522,133.855874519,623408
2022-02-01 15:45:00,134.107780408,134.260899674,133.925025155,134.092962415,250432
2022-02-01 15:30:00,133.816261083,134.310292986,133.72537739,134.102841077,318223
2022-02-01 15:15:00,133.599029299,133.994175792,133.569393312,133.786822669,190876
2022-02-01 15:00:00,133.52,133.766966558,133.455788695,133.608907961,172145
2022-02-01 14:45:00,133.105096182,133.589150636,133.105096182,133.52,209737
2022-02-01 14:30:00,132.872947618,133.184125481,132.872947618,133.105096182,132463
2022-02-01 14:15:00,132.700071027,132.868008286,132.660556378,132.868008286,295501
2022-02-01 14:00:00,132.630920391,132.937158923,132.581527079,132.678436756,102188
2022-02-01 13:45:00,132.433347144,132.690192365,132.403711157,132.660260018,78757
2022-02-01 13:30:00,132.4580438,132.621041728,132.255531222,132.423468482,100226
2022-02-01 13:15:00,132.67043504,132.739585676,132.335054454,132.472861793,138240
2022-02-01 13:00:00,132.433347144,132.724372536,132.206236697,132.67043504,133575
2022-02-01 12:45:00,132.136987274,132.749464339,132.057957976,132.403711157,185569
2022-02-01 12:30:00,132.206137911,132.314803196,132.031878307,132.122169281,138990
2022-02-01 12:15:00,131.899899379,132.275288547,131.840627405,132.206137911,195627
2022-02-01 12:00:00,131.870263392,132.048079313,131.786294762,131.909778041,95387
2022-02-01 11:45:00,131.909778041,132.127108612,131.691755963,131.860384729,111327
2022-02-01 11:30:00,132.324681859,132.37407517,131.702326132,131.924596034,169717
2022-02-01 11:15:00,132.324681859,132.423468482,131.860384729,132.334560521,150122
2022-02-01 11:00:00,132.186380586,132.393832495,132.055587097,132.354317846,163512
2022-02-01 10:45:00,131.366451613,132.304924534,131.326936964,132.180552175,143117
2022-02-01 10:30:00,132.255531222,132.285167209,131.366451613,131.388678603,171716
2022-02-01 10:15:00,131.870263392,132.443225806,131.539328204,132.280227878,210772
2022-02-01 10:00:00,131.307179639,132.087593963,130.892275821,131.919656703,270198
2022-02-01 09:45:00,132.136987274,132.146865937,131.089849068,131.257786327,458892
2022-02-01 09:30:00,132.196259248,132.344439183,131.880142054,131.880142054,3921
2022-02-01 09:15:00,132.067836638,132.0777153,131.988807339,131.988807339,1162
2022-02-01 09:00:00,131.991869725,132.028321989,131.988807339,132.028321989,2471
2022-02-01 08:45:00,132.176501924,132.176501924,131.988807339,132.107351287,1348
2022-02-01 08:30:00,132.364196508,132.364196508,132.364196508,132.364196508,164
2022-02-01 08:15:00,132.354120272,132.354317846,132.275288547,132.275288547,3443
2022-02-01 07:45:00,132.324681859,132.324681859,132.324681859,132.324681859,140
2022-02-01 07:30:00,132.255531222,132.255531222,132.255531222,132.255531222,167
2022-02-01 06:15:00,132.344439183,132.364196508,132.344439183,132.364196508,400
2022-02-01 06:00:00,132.176501924,132.176501924,132.176501924,132.176501924,400
2022-02-01 04:30:00,132.285167209,132.285167209,132.285167209,132.285167209,395
2022-01-31 20:00:00,131.682568807,131.682568807,131.682568807,131.682568807,100
2022-01-31 19:45:00,131.633175496,131.633175496,131.633175496,131.633175496,347
2022-01-31 19:15:00,131.564024859,131.731962119,131.564024859,131.731962119,1020
2022-01-31 18:00:00,131.554146197,131.554146197,131.554146197,131.554146197,407
2022-01-31 17:00:00,131.94929269,131.94929269,131.939315241,131.939315241,452
2022-01-31 16:45:00,131.94929269,131.978928677,131.94929269,131.978928677,2510
2022-01-31 16:30:00,131.929535365,131.94929269,131.870263392,131.94929269,1635
2022-01-31 16:15:00,131.94929269,131.94929269,131.929535365,131.94929269,176070
2022-01-31 16:00:00,131.573903522,132.038200651,131.484995561,131.939414028,539943
2022-01-31 15:45:00,131.030577094,131.60847884,130.916972477,131.564024859,282580
2022-01-31 15:30:00,130.912033146,131.188635691,130.862639834,131.020698431,203458
2022-01-31 15:15:00,131.237436283,131.297300977,130.872518497,130.921911808,175659
2022-01-31 15:00:00,131.257786327,131.317058301,131.168878366,131.238029003,134557
2022-01-31 14:45:00,131.613418171,131.623296833,131.238029003,131.277543652,159473
2022-01-31 14:30:00,131.830748742,131.840627405,131.589511808,131.603539509,146416
2022-01-31 14:15:00,131.890020716,132.067836638,131.751719444,131.830748742,116633
2022-01-31 14:00:00,131.677629476,131.929535365,131.666466588,131.890020716,95548
2022-01-31 13:45:00,131.82087008,131.94929269,131.682568807,131.682568807,105538
2022-01-31 13:30:00,131.961048298,132.057957976,131.791234093,131.810991418,108241
2022-01-31 13:15:00,131.830748742,131.978928677,131.69244747,131.978928677,88734
2022-01-31 13:00:00,131.603539509,131.904443563,131.598303818,131.831736608,79800
2022-01-31 12:45:00,131.781355431,131.875202723,131.573903522,131.583782184,92026
2022-01-31 12:30:00,131.743322581,131.899899379,131.573903522,131.781355431,100339
2022-01-31 12:15:00,131.623296833,131.840627405,131.550095946,131.717144125,88287
2022-01-31 12:00:00,131.307179639,131.780367564,131.247907665,131.65293282,131613
2022-01-31 11:45:00,131.070091743,131.401026931,130.981183782,131.331876295,122237
2022-01-31 11:30:00,131.035516425,131.218271678,130.941669133,131.010819769,161075
2022-01-31 11:15:00,131.129363717,131.247907665,130.941669133,131.060213081,163596
2022-01-31 11:00:00,131.020698431,131.514631548,130.694702575,131.119485055,173592
2022-01-31 10:45:00,131.277543652,131.356572951,130.80336786,131.060213081,200730
2022-01-31 10:30:00,131.593660846,131.761598106,131.260848713,131.260848713,166659
2022-01-31 10:15:00,131.746780112,132.018443326,131.494874223,131.613418171,169740
2022-01-31 10:00:00,131.852876946,132.24565256,131.494874223,131.761598106,211844
2022-01-31 09:45:00,132.462983131,132.462983131,131.544267535,131.830748742,309355
2022-01-31 09:30:00,132.739585676,132.739585676,132.50249778,132.50249778,5366
2022-01-31 09:15:00,132.650677715,132.739585676,132.472861793,132.739585676,2466
2022-01-31 09:00:00,132.47296058,132.47296058,132.47296058,132.47296058,250
2022-01-31 08:45:00,132.364196508,132.96679491,132.354317846,132.96679491,2725
2022-01-31 08:30:00,132.364196508,132.364196508,132.364196508,132.364196508,103
2022-01-31 08:15:00,132.37407517,132.37407517,132.354317846,132.37407517,954
2022-01-31 08:00:00,132.719828352,132.719828352,132.719828352,132.719828352,150
2022-01-31 07:45:00,132.37407517,132.37407517,132.354317846,132.354317846,599
2022-01-31 07:30:00,132.482740456,132.482740456,132.176501924,132.176501924,305
2022-01-31 07:15:00,132.423468482,132.472861793,132.324681859,132.472861793,1044
2022-01-31 07:00:00,132.423468482,132.423468482,132.423468482,132.423468482,171
2022-01-31 06:30:00,132.650677715,132.650677715,132.650677715,132.650677715,106
2022-01-31 06:15:00,132.788978988,132.788978988,132.788978988,132.788978988,105
2022-01-31 04:15:00,132.571648417,132.700071027,132.571648417,132.700071027,500
2022-01-28 20:00:00,132.897644273,132.897644273,132.897644273,132.897644273,1010
2022-01-28 19:00:00,132.868008286,132.868008286,132.868008286,132.868008286,100
2022-01-28 18:45:00,132.759343001,132.858129624,132.759343001,132.858129624,440
2022-01-28 18:30:00,132.858129624,132.858129624,132.858129624,132.858129624,100
2022-01-28 18:15:00,132.858030838,132.858030838,132.858030838,132.858030838,500
2022-01-28 17:45:00,132.917401598,132.917401598,132.917401598,132.917401598,286
2022-01-28 17:30:00,132.838372299,132.917401598,132.838372299,132.917401598,1338
2022-01-28 17:00:00,132.769221663,132.838372299,132.769221663,132.838372299,746
2022-01-28 16:30:00,132.808736313,132.868008286,132.54201243,132.769221663,1942
2022-01-28 16:15:00,132.868008286,132.937158923,132.868008286,132.868008286,217804
2022-01-28 16:00:00,132.482740456,132.897644273,132.275288547,132.868008286,624346
2022-01-28 15:45:00,132.127108612,132.54201243,131.771476768,132.50249778,276437
2022-01-28 15:30:00,131.830748742,132.344439183,131.830748742,132.13066493,149062
2022-01-28 15:15:00,132.038200651,132.107351287,131.682568807,131.801112755,120160
2022-01-28 15:00:00,131.583782184,132.038200651,131.544267535,132.008564664,91784
2022-01-28 14:45:00,131.030577094,131.593660846,130.951547795,131.554146197,97930
2022-01-28 14:30:00,131.731962119,131.731962119,131.050334418,131.067918437,119308
2022-01-28 14:15:00,132.186380586,132.383953832,131.666664161,131.682568807,115170
2022-01-28 14:00:00,132.142321752,132.432359278,132.067836638,132.196259248,92626
2022-01-28 13:45:00,132.11722995,132.354317846,132.097472625,132.186380586,71635
2022-01-28 13:30:00,132.364196508,132.364196508,131.850604854,132.048079313,89420
2022-01-28 13:15:00,132.028321989,132.443225806,131.978928677,132.364196508,84312
2022-01-28 13:00:00,132.156744599,132.250591891,131.939414028,132.038200651,125885
2022-01-28 12:45:00,131.82087008,132.176501924,131.810991418,132.156744599,105225
2022-01-28 12:30:00,131.82087008,132.038200651,131.672690145,131.860384729,87456
2022-01-28 12:15:00,131.771476768,132.067836638,131.663404202,131.776416099,91082
2022-01-28 12:00:00,131.69244747,131.799927316,131.173817698,131.779280912,90484
2022-01-28 11:45:00,131.712204794,131.988807339,131.356572951,131.646314117,152882
2022-01-28 11:30:00,131.26766499,131.722083457,131.257786327,131.672690145,124530
2022-01-28 11:15:00,131.360820775,131.405966262,130.823125185,131.295325244,140790
2022-01-28 11:00:00,130.655187925,131.632187629,130.54652264,131.317058301,168672
2022-01-28 10:45:00,131.840627405,131.899899379,130.536643978,130.67494525,197802
2022-01-28 10:30:00,130.833003847,131.870263392,130.823125185,131.852481799,348516
2022-01-28 10:15:00,130.536643978,131.218271678,130.190890796,130.902154484,155255
2022-01-28 10:00:00,130.67494525,131.573903522,130.427978692,130.507007991,498297
2022-01-28 09:45:00,131.573903522,132.067836638,130.230405445,130.625551938,251687
2022-01-28 09:30:00,130.813246523,131.149121042,130.813246523,131.149121042,683
2022-01-28 09:15:00,130.793489198,130.793489198,130.793489198,130.793489198,512
2022-01-28 09:00:00,130.408221367,130.694702575,130.398342705,130.694702575,1080
2022-01-28 08:45:00,130.101982835,130.694702575,129.919919088,130.595915951,1964
2022-01-28 08:30:00,129.904409589,129.914288251,129.904409589,129.914288251,411
2022-01-28 08:15:00,129.920906955,129.920906955,129.598171057,129.608049719,1793
2022-01-28 08:00:00,129.608049719,129.608049719,129.598171057,129.598171057,460
2022-01-28 07:45:00,129.904409589,129.904409589,129.904409589,129.904409589,272
2022-01-28 07:30:00,130.200769458,130.200769458,129.904409589,129.904409589,1097
2022-01-28 07:15:00,130.536643978,130.54652264,130.536643978,130.54652264,649
2022-01-28 06:30:00,129.904409589,130.200769458,129.795744303,130.200769458,1256
2022-01-28 06:15:00,130.072346848,130.072346848,130.072346848,130.072346848,368
2022-01-28 05:30:00,130.80336786,130.80336786,130.80336786,130.80336786,241
2022-01-27 19:15:00,130.912033146,130.912033146,130.912033146,130.912033146,503
2022-01-27 19:00:00,131.386208938,131.386208938,131.277543652,131.277543652,933
2022-01-27 18:45:00,131.386208938,131.386208938,131.386208938,131.386208938,285
2022-01-27 17:30:00,131.089849068,131.089849068,131.089849068,131.089849068,236
2022-01-27 17:15:00,131.633175496,131.633175496,130.951547795,131.010819769,1547
2022-01-27 16:45:00,130.516886653,131.000941107,130.516886653,130.97130512,910
2022-01-27 16:30:00,131.702326132,131.731962119,131.702326132,131.731962119,403
2022-01-27 16:15:00,130.912033146,132.265409885,130.912033146,132.265409885,98914
2022-01-27 16:00:00,131.465238236,131.751719444,130.872518497,130.902154484,623781
2022-01-27 15:45:00,131.401026931,131.613418171,131.129363717,131.445480912,254067
2022-01-27 15:30:00,131.020698431,131.536463392,130.813246523,131.405966262,183211
2022-01-27 15:15:00,131.178757029,131.729986387,130.97130512,131.040455756,164511
2022-01-27 15:00:00,131.196736194,131.405966262,130.794872211,131.168878366,146217
2022-01-27 14:45:00,130.756147854,131.287422314,130.625551938,131.208393016,147609
2022-01-27 14:30:00,131.109606392,131.139242379,130.605794614,130.793489198,149050
2022-01-27 14:15:00,130.823125185,131.484995561,130.80336786,131.079970405,103496
2022-01-27 14:00:00,130.763853211,131.119485055,130.665066588,130.881903226,153162
2022-01-27 13:45:00,130.625551938,131.020599645,130.581097958,130.793489198,128054
2022-01-27 13:30:00,130.976935957,131.238029003,130.477372004,130.600855283,135134
2022-01-27 13:15:00,131.129363717,131.259564487,130.516886653,130.97130512,164837
2022-01-27 13:00:00,131.405966262,131.415844925,131.030577094,131.079970405,134652
2022-01-27 12:45:00,131.919656703,131.959171352,131.356572951,131.376330275,138535
2022-01-27 12:30:00,132.433347144,132.443225806,131.771476768,131.944353359,128687
2022-01-27 12:15:00,132.868008286,133.114974845,132.309863865,132.423468482,164046
2022-01-27 12:00:00,132.625981059,133.105096182,132.625981059,132.877886949,145113
2022-01-27 11:45:00,131.890020716,132.621041728,131.771476768,132.621041728,153944
2022-01-27 11:30:00,132.621041728,132.621041728,131.702326132,131.870263392,138674
2022-01-27 11:15:00,132.621041728,132.917401598,132.423468482,132.671521693,153206
2022-01-27 11:00:00,132.265409885,132.690192365,132.03326132,132.601284404,187386
2022-01-27 10:45:00,131.682568807,132.304924534,131.662811483,132.265409885,142964
2022-01-27 10:30:00,132.858129624,132.907522936,131.634064575,131.672690145,230252
2022-01-27 10:15:00,132.265409885,133.085338858,132.00372412,132.848250962,167362
2022-01-27 10:00:00,131.983868008,132.429395679,131.82087008,132.206137911,214803
2022-01-27 09:45:00,132.038200651,132.868008286,131.633175496,131.885081385,397660
2022-01-27 09:30:00,133.184125481,133.500242675,132.206137911,132.206137911,5517
2022-01-27 09:15:00,133.599029299,133.599029299,133.569393312,133.569393312,448
2022-01-27 09:00:00,132.907522936,132.907522936,132.907522936,132.907522936,401
2022-01-27 08:45:00,132.630920391,132.630920391,132.630920391,132.630920391,969
2022-01-27 08:15:00,132.127108612,132.127108612,132.127108612,132.127108612,127
2022-01-27 08:00:00,132.37407517,132.611163066,132.37407517,132.611163066,1444
2022-01-27 07:45:00,132.127108612,132.127108612,132.127108612,132.127108612,212
2022-01-27 07:15:00,132.571648417,132.571648417,132.571648417,132.571648417,112
2022-01-26 20:00:00,132.660556378,132.660556378,132.50249778,132.50249778,648
2022-01-26 19:45:00,132.897644273,132.897644273,132.887765611,132.887765611,210
2022-01-26 19:30:00,132.897644273,132.897644273,132.897644273,132.897644273,235
2022-01-26 19:15:00,132.877886949,132.877886949,132.877886949,132.877886949,106
2022-01-26 18:45:00,133.09521752,133.114974845,133.09521752,133.114974845,302
2022-01-26 18:30:00,133.114974845,133.114974845,132.868008286,132.868008286,3100
2022-01-26 18:15:00,133.006309559,133.026066884,133.006309559,133.016188221,715
2022-01-26 17:45:00,132.522255105,132.650677715,132.522255105,132.650677715,1106
2022-01-26 17:00:00,132.719828352,132.719828352,132.719828352,132.719828352,104
2022-01-26 16:45:00,132.769221663,132.769221663,132.769221663,132.769221663,241
2022-01-26 16:30:00,132.868008286,133.26315478,132.581527079,132.581527079,5131
2022-01-26 16:15:00,132.630920391,132.630920391,131.741840781,131.741840781,329804
2022-01-26 16:00:00,132.358960817,133.075460195,132.146865937,132.581527079,671696
2022-01-26 15:45:00,132.186380586,132.522255105,131.870263392,132.344439183,283959
2022-01-26 15:30:00,132.302652442,132.482740456,131.514631548,132.186380586,287823
2022-01-26 15:15:00,132.897644273,132.897644273,131.810991418,132.275288547,273345
2022-01-26 15:00:00,132.512376443,133.174246819,131.909778041,132.947037585,306780
2022-01-26 14:45:00,133.64842261,133.668179935,132.482740456,132.546951761,292664
2022-01-26 14:30:00,133.707694584,133.964539805,133.322426753,133.618786623,220537
2022-01-26 14:15:00,134.008993785,134.66592483,133.460728026,133.707694584,226977
2022-01-26 14:00:00,134.15717372,134.231263687,133.885510506,134.053447766,89382
2022-01-26 13:45:00,133.994175792,134.300414324,133.885510506,134.162113051,88690
2022-01-26 13:30:00,134.063326428,134.11271974,133.786921456,134.013933116,119703
2022-01-26 13:15:00,134.339928973,134.354746967,134.024404498,134.053447766,131668
2022-01-26 13:00:00,134.611592187,134.675803492,134.231263687,134.320171648,149290
2022-01-26 12:45:00,135.027780231,135.406824504,134.586895531,134.600034152,260387
2022-01-26 12:30:00,134.66592483,135.070949985,134.646167505,135.036473454,237890
2022-01-26 12:15:00,134.171991714,134.744954128,134.162113051,134.69546203,209505
2022-01-26 12:00:00,134.418958272,134.438715596,133.934903818,134.181870376,174011
2022-01-26 11:45:00,134.616531518,134.735075466,134.152234389,134.448594259,181959
2022-01-26 11:30:00,134.428836934,134.823983427,134.221385025,134.636288843,236204
2022-01-26 11:15:00,133.337244747,134.656046168,133.174246819,134.397916721,185727
2022-01-26 11:00:00,132.956916247,133.460728026,132.818614975,133.381698727,264487
2022-01-26 10:45:00,133.954661142,134.122598402,132.887765611,132.951976916,304061
2022-01-26 10:30:00,135.001700562,135.402477893,133.589150636,133.939843149,442759
2022-01-26 10:15:00,133.658301273,135.001009056,133.302669429,134.982042024,499396
2022-01-26 10:00:00,132.240713229,133.845995857,132.240713229,133.638543948,444579
2022-01-26 09:45:00,134.814104765,134.843740752,131.964110684,132.257111808,598895
2022-01-26 09:30:00,135.100585972,135.337673868,134.527623557,134.567138207,4499
2022-01-26 09:15:00,135.634033738,135.634033738,135.337673868,135.337673868,4851
2022-01-26 09:00:00,135.634033738,135.634033738,135.406824504,135.426680616,925
2022-01-26 08:45:00,135.436460491,135.475975141,135.406824504,135.406824504,764
2022-01-26 08:30:00,135.732820361,135.732820361,135.337673868,135.634033738,4863
2022-01-26 08:15:00,135.54502699,135.762456348,134.863498076,135.535247115,6798
2022-01-26 08:00:00,135.337673868,135.337673868,135.337673868,135.337673868,968
2022-01-26 07:45:00,135.337673868,135.337673868,135.337673868,135.337673868,800
2022-01-26 07:30:00,135.337673868,135.337673868,135.337673868,135.337673868,668
2022-01-26 07:15:00,135.51548979,135.732820361,135.485853803,135.584640426,3045
2022-01-26 07:00:00,135.495732465,135.495732465,135.495732465,135.495732465,650
2022-01-26 06:45:00,135.564883102,135.564883102,135.485853803,135.485853803,456
2022-01-26 06:30:00,135.564883102,135.564883102,135.564883102,135.564883102,100
2022-01-26 06:15:00,135.693305712,135.732820361,135.555004439,135.564883102,1034
2022-01-26 06:00:00,135.742699023,135.752577686,135.742699023,135.752577686,377
2022-01-26 05:45:00,135.792092335,135.792092335,135.792092335,135.792092335,228
2022-01-26 05:00:00,135.337673868,135.337673868,135.337673868,135.337673868,196
2022-01-26 04:30:00,135.337673868,135.337673868,135.337673868,135.337673868,184
2022-01-26 04:15:00,134.507866233,135.238887245,134.507866233,135.199372595,806
2022-01-25 20:00:00,134.53750222,134.53750222,134.428836934,134.428836934,318
2022-01-25 19:45:00,134.428836934,134.428836934,134.428836934,134.428836934,4840
2022-01-25 19:30:00,134.606652856,134.606652856,134.438715596,134.438715596,1024
2022-01-25 19:15:00,134.636288843,134.636288843,134.547380882,134.547380882,1177
2022-01-25 19:00:00,134.646167505,134.843740752,134.636288843,134.636288843,810
2022-01-25 18:45:00,134.547380882,134.547380882,134.547380882,134.547380882,205
2022-01-25 18:30:00,134.586895531,134.646167505,134.547380882,134.547380882,3532
2022-01-25 18:15:00,133.905267831,134.448594259,133.905169044,134.448594259,6914
2022-01-25 18:00:00,133.855874519,133.934903818,133.855874519,133.855874519,2067
2022-01-25 17:45:00,133.934903818,133.934903818,133.934903818,133.934903818,105
2022-01-25 17:30:00,134.053447766,134.053447766,133.865753181,133.865753181,1524
2022-01-25 17:15:00,134.004054454,134.132477064,133.865851968,133.875631844,4682
2022-01-25 17:00:00,134.142355727,134.142355727,133.895389168,134.004054454,3113
2022-01-25 16:45:00,134.152234389,134.448594259,133.954661142,133.954661142,24605
2022-01-25 16:30:00,134.349807635,134.349807635,133.915146493,133.915146493,1555
2022-01-25 16:15:00,134.448594259,134.843740752,133.915146493,134.349807635,164823
2022-01-25 16:00:00,134.873376739,135.139507902,133.934903818,134.473290914,1417060
2022-01-25 15:45:00,134.448594259,135.09070731,134.063326428,134.863498076,765527
2022-01-25 15:30:00,134.952406037,135.209251258,134.300414324,134.409079609,633324
2022-01-25 15:15:00,135.495732465,135.584640426,134.49798757,134.952406037,785415
2022-01-25 15:00:00,135.18228251,135.669695709,134.952406037,135.485853803,577461
2022-01-25 14:45:00,134.379443622,135.235429713,134.359686298,135.169835395,660283
2022-01-25 14:30:00,134.399200947,134.577016869,134.025194791,134.364625629,591607
2022-01-25 14:15:00,133.302669429,134.507866233,133.233518793,134.379443622,801117
2022-01-25 14:00:00,132.492619118,133.302669429,132.344439183,133.302669429,499287
2022-01-25 13:45:00,131.621815034,132.601284404,131.603539509,132.54201243,534738
2022-01-25 13:30:00,130.408221367,131.672690145,130.131618822,131.623296833,599358
2022-01-25 13:15:00,130.309434744,130.625551938,129.963681563,130.408221367,341218
2022-01-25 13:00:00,130.912922226,131.109606392,130.200769458,130.319313406,346465
2022-01-25 12:45:00,131.662811483,131.712204794,130.734217224,130.912033146,489924
2022-01-25 12:30:00,132.206137911,132.275288547,131.178757029,131.667750814,422389
2022-01-25 12:15:00,131.060213081,132.314803196,130.931790471,132.225895235,548404
2022-01-25 12:00:00,130.655187925,131.633076709,130.607177627,131.060213081,365330
2022-01-25 11:45:00,130.215587452,130.941669133,130.022953537,130.665066588,400411
2022-01-25 11:30:00,129.800683634,130.931790471,129.465105475,130.208178455,374521
2022-01-25 11:15:00,130.161254809,130.734217224,129.469748446,129.805622965,511887
2022-01-25 11:00:00,130.586037289,131.94929269,129.904409589,130.171133471,704562
2022-01-25 10:45:00,130.84288251,131.593660846,130.101982835,130.526765315,783578
2022-01-25 10:30:00,128.965936668,131.188635691,128.857271382,130.793489198,1032885
2022-01-25 10:15:00,127.392265759,129.064723291,127.266806748,128.921482687,754429
2022-01-25 10:00:00,127.869405149,128.264551642,126.743237644,127.345836046,1023389
2022-01-25 09:45:00,127.57304528,130.131618822,127.000082865,127.918798461,2315868
2022-01-25 09:30:00,127.780497189,128.995572655,127.434744007,127.434744007,38179
2022-01-25 09:15:00,128.175643682,129.410476472,127.195877952,127.681710565,38526
2022-01-25 09:00:00,128.175643682,128.42261024,127.928677123,128.175643682,11264
2022-01-25 08:45:00,126.960568215,128.412731577,126.960568215,128.363338266,24962
2022-01-25 08:30:00,127.928677123,127.928677123,126.930932228,127.187777449,32109
2022-01-25 08:15:00,127.681710565,129.420355135,127.187777449,127.721225215,65720
2022-01-25 08:00:00,128.916543356,129.10423794,128.481882214,129.094359278,12971
2022-01-25 07:45:00,129.23266055,129.23266055,129.163509914,129.212903226,1048
2022-01-25 07:30:00,129.163509914,129.608049719,128.936300681,129.380840485,7721
2022-01-25 07:15:00,130.003196212,130.003196212,127.721225215,128.827635395,35996
2022-01-25 07:00:00,129.706836342,129.706836342,129.706836342,129.706836342,349
2022-01-25 06:45:00,129.82538029,129.82538029,129.637685706,129.736472329,1710
2022-01-25 06:30:00,130.84288251,130.84288251,130.398342705,130.398342705,5270
2022-01-25 06:00:00,131.317058301,131.317058301,130.793489198,130.793489198,4275
2022-01-25 05:45:00,131.247907665,131.860384729,131.238029003,131.830748742,2430
2022-01-25 05:30:00,131.366451613,131.366451613,131.366451613,131.366451613,150
2022-01-25 05:15:00,130.793489198,130.793489198,130.793489198,130.793489198,918
2022-01-25 05:00:00,130.793489198,130.793489198,130.793489198,130.793489198,100
2022-01-25 04:45:00,130.694702575,130.694702575,130.694702575,130.694702575,260
2022-01-25 04:15:00,130.398342705,130.398342705,130.398342705,130.398342705,270
2022-01-24 20:00:00,130.200769458,130.684823912,129.904409589,130.388464043,46210
2022-01-24 19:45:00,130.497129328,130.536545191,129.894530926,130.200769458,25116
2022-01-24 19:30:00,129.252417875,130.595915951,129.064822078,130.398342705,30710
2022-01-24 19:15:00,129.114017816,129.608049719,128.718970109,129.252417875,29630
2022-01-24 19:00:00,128.017585084,129.410377686,128.017585084,128.916543356,49120
2022-01-24 18:45:00,128.027463747,128.225036993,127.296442735,127.928677123,25760
2022-01-24 18:30:00,127.582923942,128.323823616,127.256928085,128.027463747,65729
2022-01-24 18:15:00,129.667321693,129.756229654,126.940810891,127.770618526,161910
2022-01-24 18:00:00,130.744095886,130.744095886,129.410476472,129.667321693,125247
2022-01-24 17:45:00,132.887765611,132.917401598,128.669576798,130.753974549,258649
2022-01-24 17:30:00,133.559514649,134.102841077,132.512376443,133.085338858,136090
2022-01-24 17:15:00,134.636288843,134.764711453,127.256928085,133.559514649,154141
2022-01-24 17:00:00,134.448594259,135.120343297,127.256928085,134.557259544,187671
2022-01-24 16:45:00,133.470606688,135.21912992,127.256928085,134.428836934,204704
2022-01-24 16:30:00,135.258644569,136.770079905,127.256928085,133.470606688,578215
2022-01-24 16:15:00,127.256928085,136.325540101,125.686220775,135.298159219,693882
2022-01-24 16:00:00,126.13076058,127.582923942,126.051731281,127.494015981,1288729
2022-01-24 15:45:00,125.454072211,126.486392424,125.259956496,126.111003255,429659
2022-01-24 15:30:00,125.28119562,125.735614087,125.083622373,125.439254217,325112
2022-01-24 15:15:00,124.461266647,125.31073282,124.421751998,125.286134951,264381
2022-01-24 15:00:00,124.016726842,124.530417283,123.670973661,124.461266647,252828
2022-01-24 14:45:00,124.308147381,124.540295946,123.977212193,124.061180823,258106
2022-01-24 14:30:00,124.723051199,124.825789287,124.095756141,124.308147381,217101
2022-01-24 14:15:00,124.955199763,125.53804084,124.624264575,124.747747854,227483
2022-01-24 14:00:00,124.130331459,125.133015685,124.130331459,124.955199763,238251
2022-01-24 13:45:00,123.931276413,124.579810595,123.848789583,124.130331459,195639
2022-01-24 13:30:00,124.189603433,124.59956792,123.769760284,123.967333531,279883
2022-01-24 13:15:00,123.819153596,124.401994673,123.404249778,124.186244688,370382
2022-01-24 13:00:00,123.15728322,124.095756141,123.041208938,123.83891092,327560
2022-01-24 12:45:00,123.344977804,123.364735129,122.686071027,123.117768571,255222
2022-01-24 12:30:00,123.384492453,123.418277479,122.86092335,123.354856466,267591
2022-01-24 12:15:00,123.611701687,123.829032258,123.137525895,123.374613791,336202
2022-01-24 12:00:00,123.740124297,123.809274933,122.920195324,123.636398343,482511
2022-01-24 11:45:00,124.693415212,124.693415212,123.631459012,123.720366972,372404
2022-01-24 11:30:00,124.500781296,124.707739272,124.204421426,124.683536549,308082
2022-01-24 11:15:00,124.881109796,125.049244629,124.392116011,124.471145309,301477
2022-01-24 11:00:00,125.552858834,125.656584788,124.850782302,124.94038177,301469
2022-01-24 10:45:00,124.955199763,125.626948801,124.757626517,125.558292098,288208
2022-01-24 10:30:00,124.935442439,125.330588932,124.520538621,124.985626043,354997
2022-01-24 10:15:00,125.710917431,125.878854691,124.589689257,124.936430305,410654
2022-01-24 10:00:00,126.229547203,126.357969814,125.40961823,125.7059781,1068675
2022-01-24 09:45:00,126.436999112,126.812388281,125.459011542,126.269061853,684487
2022-01-24 09:30:00,126.348091151,126.446877774,125.943065996,126.101124593,4871
2022-01-24 09:15:00,126.525907073,126.525907073,125.459011542,125.468890204,8591
2022-01-24 09:00:00,126.693844333,126.812388281,126.525907073,126.812388281,3614
2022-01-24 08:45:00,126.842024268,126.842024268,126.525907073,126.693844333,3175
2022-01-24 08:30:00,127.434744007,127.582923942,126.930932228,126.940810891,4103
2022-01-24 08:15:00,127.247049423,127.711346552,126.842024268,127.434744007,9426
2022-01-24 08:00:00,126.950689553,127.237170761,126.842024268,127.138384137,3532
2022-01-24 07:45:00,127.237170761,127.237170761,127.039597514,127.039597514,652
2022-01-24 07:30:00,127.069233501,127.069233501,126.842024268,126.940810891,2744
2022-01-24 07:15:00,127.434744007,127.434744007,127.434744007,127.434744007,524
2022-01-24 06:30:00,126.98032554,126.98032554,126.98032554,126.98032554,400
2022-01-24 06:00:00,127.049476176,127.335957384,127.049476176,127.335957384,1198
2022-01-24 05:45:00,127.049476176,127.049476176,127.049476176,127.049476176,187
2022-01-24 05:30:00,127.444622669,127.444622669,127.444622669,127.444622669,289
2022-01-24 04:30:00,127.652074578,127.652074578,127.652074578,127.652074578,153
2022-01-21 20:00:00,127.731103877,127.731103877,127.731103877,127.731103877,100
2022-01-21 19:45:00,127.553287955,127.553287955,127.553287955,127.553287955,100
2022-01-21 19:15:00,127.810133175,127.810133175,127.810133175,127.810133175,200
2022-01-21 18:30:00,127.494015981,127.494015981,127.494015981,127.494015981,200
2022-01-21 18:15:00,127.661953241,127.661953241,127.612559929,127.612559929,759
2022-01-21 18:00:00,127.8298905,127.8298905,127.8298905,127.8298905,1281
2022-01-21 17:30:00,128.175643682,128.175643682,127.8298905,127.8298905,302
2022-01-21 17:15:00,127.899041136,127.899041136,127.879283812,127.879283812,5864
2022-01-21 17:00:00,127.849647825,127.849647825,127.8298905,127.8298905,228
2022-01-21 16:45:00,127.8298905,127.8298905,127.8298905,127.8298905,501
2022-01-21 16:30:00,127.8298905,127.879283812,127.8298905,127.8298905,6301
2022-01-21 16:15:00,127.780497189,127.780497189,127.602681267,127.612559929,186680
2022-01-21 16:00:00,127.973131104,128.244794318,127.760739864,127.780497189,692658
2022-01-21 15:45:00,127.8298905,128.165765019,127.721225215,127.978070435,280020
2022-01-21 15:30:00,128.096614383,128.501639538,127.70146789,127.810133175,223047
2022-01-21 15:15:00,128.333010772,128.472003551,127.95831311,128.116371708,170401
2022-01-21 15:00:00,128.580668837,128.620183486,128.25467298,128.363338266,143544
2022-01-21 14:45:00,128.610304824,128.768363421,128.541154188,128.565850843,85301
2022-01-21 14:30:00,128.857271382,128.977889849,128.570790175,128.610304824,143577
2022-01-21 14:15:00,128.857271382,128.985693992,128.689334123,128.84739272,83236
2022-01-21 14:00:00,128.916543356,129.074601953,128.738727434,128.827635395,85821
2022-01-21 13:45:00,128.689334123,128.965936668,128.669576798,128.8918467,68826
2022-01-21 13:30:00,128.985693992,129.015329979,128.472003551,128.689828056,103994
2022-01-21 13:15:00,129.054844629,129.23266055,128.699212785,129.000511986,92796
2022-01-21 13:00:00,128.956058005,129.193145901,128.896786031,129.054844629,120207
2022-01-21 12:45:00,128.926422018,129.123995265,128.699410358,128.946179343,120504
2022-01-21 12:30:00,129.049905297,129.074601953,128.758484759,128.956058005,136269
2022-01-21 12:15:00,129.449991122,129.449991122,128.971765078,129.064723291,132850
2022-01-21 12:00:00,129.385779817,129.578413732,129.202431844,129.449991122,135150
2022-01-21 11:45:00,129.924166913,130.092104173,129.282053862,129.361083161,232544
2022-01-21 11:30:00,129.667321693,130.126679491,129.667321693,129.9538029,124144
2022-01-21 11:15:00,129.716715004,129.99331755,129.420355135,129.667321693,124555
2022-01-21 11:00:00,129.65744303,129.835258952,129.242539213,129.706836342,176451
2022-01-21 10:45:00,128.807779284,129.805622965,128.531374312,129.637685706,229913
2022-01-21 10:30:00,129.153631252,129.331447174,128.620183486,128.778242083,253198
2022-01-21 10:15:00,129.519141758,129.736472329,128.788120746,129.153631252,200617
2022-01-21 10:00:00,129.163509914,129.56853507,128.956058005,129.489505771,249891
2022-01-21 09:45:00,130.052589524,130.269920095,128.926520805,129.173388577,636628
2022-01-21 09:30:00,128.985693992,130.398342705,128.97581533,130.398342705,7918
2022-01-21 09:00:00,128.956058005,129.054844629,128.956058005,128.97581533,1174
2022-01-21 08:45:00,129.410476472,129.410476472,129.410476472,129.410476472,245
2022-01-21 08:30:00,129.489505771,129.489505771,129.262296537,129.262296537,489
2022-01-21 08:15:00,128.86873063,129.351204498,128.620183486,129.23266055,2282
2022-01-21 08:00:00,129.637685706,129.65744303,129.637685706,129.65744303,803
2022-01-21 07:45:00,129.351204498,130.507007991,129.351204498,130.101982835,8764
2022-01-21 07:15:00,128.817756733,129.163509914,128.817756733,129.163509914,494
2022-01-21 06:30:00,128.827635395,128.827635395,128.620183486,128.817756733,791
2022-01-20 19:15:00,129.203024563,129.203024563,129.203024563,129.203024563,115
2022-01-20 19:00:00,129.14375259,129.14375259,129.14375259,129.14375259,105
2022-01-20 18:15:00,129.212903226,129.212903226,129.212903226,129.212903226,210
2022-01-20 17:45:00,128.71897011,128.71897011,128.71897011,128.71897011,311
2022-01-20 17:30:00,128.896786031,128.896786031,128.620183486,128.71897011,819
2022-01-20 17:15:00,128.620183486,128.620183486,128.620183486,128.620183486,755
2022-01-20 17:00:00,128.817756733,129.212903226,128.620183486,128.817756733,2638
2022-01-20 16:45:00,128.985693992,129.015329979,128.916543356,128.916543356,3279
2022-01-20 16:30:00,129.015329979,129.015329979,129.015329979,129.015329979,186
2022-01-20 16:15:00,129.23266055,129.23266055,128.916543356,128.916543356,69423
2022-01-20 16:00:00,129.578413732,129.687079017,128.986187925,129.203024563,689553
2022-01-20 15:45:00,130.12174016,130.210648121,129.588292394,129.617928381,242019
2022-01-20 15:30:00,130.457614679,130.615673276,130.131618822,130.181012134,163125
2022-01-20 15:15:00,130.763853211,130.921911808,130.447736017,130.457614679,305906
2022-01-20 15:00:00,130.427978692,130.833003847,130.403282036,130.763853211,281980
2022-01-20 14:45:00,130.279798757,130.413160698,130.12174016,130.413160698,116205
2022-01-20 14:30:00,130.464924889,130.635430601,130.136558153,130.299556082,148534
2022-01-20 14:15:00,130.67494525,130.941669133,130.467493341,130.467493341,112038
2022-01-20 14:00:00,130.763853211,130.872518497,130.54652264,130.684823912,78778
2022-01-20 13:45:00,130.67494525,130.833003847,130.536643978,130.778671204,74546
2022-01-20 13:30:00,130.808307191,130.87212335,130.605794614,130.67494525,86139
2022-01-20 13:15:00,130.852761172,130.872518497,130.625551938,130.813246523,112026
2022-01-20 13:00:00,130.84288251,130.941669133,130.665066588,130.862639834,88221
2022-01-20 12:45:00,130.912033146,130.991062445,130.714459899,130.805837526,70801
2022-01-20 12:30:00,130.724338562,130.911934359,130.605794614,130.902154484,90174
2022-01-20 12:15:00,131.211060255,131.26766499,130.67494525,130.724338562,81992
2022-01-20 12:00:00,131.021686298,131.252846996,130.902154484,131.203453685,196393
2022-01-20 11:45:00,130.921911808,131.065152412,130.862639834,131.025637763,154720
2022-01-20 11:30:00,130.467493341,131.030577094,130.358828056,130.916972477,138940
2022-01-20 11:15:00,130.625551938,130.753974549,129.795744303,130.487250666,127182
2022-01-20 11:00:00,130.694702575,130.867579165,130.54652264,130.625551938,110494
2022-01-20 10:45:00,130.003196212,130.882397159,129.973560225,130.679687008,157115
2022-01-20 10:30:00,130.062468186,130.111861497,129.78092631,130.003196212,120110
2022-01-20 10:15:00,130.319313406,130.339070731,129.716715004,130.052589524,187423
2022-01-20 10:00:00,129.647564368,130.487250666,129.173388577,130.260041432,184865
2022-01-20 09:45:00,129.667321693,130.339070731,129.084480616,129.652503699,289598
2022-01-20 09:30:00,130.101982835,130.101982835,129.449991122,129.459869784,2923
2022-01-20 09:15:00,130.062468186,130.062468186,130.062468186,130.062468186,167
2022-01-20 09:00:00,130.200769458,130.200769458,130.200769458,130.200769458,515
2022-01-20 08:30:00,130.210648121,130.210648121,130.190890796,130.190890796,701
2022-01-20 08:15:00,130.171133471,130.171133471,130.171133471,130.171133471,488
2022-01-20 07:45:00,129.855016277,129.855016277,129.855016277,129.855016277,106
2022-01-19 20:00:00,129.420355135,129.420355135,129.420355135,129.420355135,100
2022-01-19 19:45:00,130.240284108,130.240284108,130.240284108,130.240284108,100
2022-01-19 19:15:00,129.914288251,129.914288251,129.914288251,129.914288251,1211
2022-01-19 19:00:00,129.943924238,129.943924238,129.914288251,129.914288251,500
2022-01-19 18:15:00,129.914288251,129.914288251,129.914288251,129.914288251,101
2022-01-19 17:45:00,130.141497484,130.141497484,130.141497484,130.141497484,598
2022-01-19 17:00:00,130.151376147,130.151376147,130.151376147,130.151376147,302
2022-01-19 16:30:00,130.003196212,130.003196212,129.904409589,129.904409589,814
2022-01-19 16:15:00,129.983438887,130.595915951,129.904409589,129.983438887,74142
2022-01-19 16:00:00,130.477372004,130.595915951,129.904409589,130.003196212,483940
2022-01-19 15:45:00,130.704581237,130.724338562,130.41810003,130.477372004,173194
2022-01-19 15:30:00,131.089849068,131.089849068,130.704581237,130.709520568,89654
2022-01-19 15:15:00,130.912033146,131.09972773,130.763853211,131.060213081,98182
2022-01-19 15:00:00,130.813246523,130.951547795,130.655187925,130.931790471,94760
2022-01-19 14:45:00,130.724338562,130.891090382,130.487250666,130.833003847,134389
2022-01-19 14:30:00,130.763853211,130.882397159,130.694702575,130.709520568,91363
2022-01-19 14:15:00,131.089849068,131.22815034,130.724338562,130.773731873,307274
2022-01-19 14:00:00,131.26766499,131.26766499,131.035516425,131.109606392,105738
2022-01-19 13:45:00,131.445480912,131.588721515,131.208393016,131.277444865,66359
2022-01-19 13:30:00,131.633175496,131.638114827,131.425723587,131.425723587,52211
2022-01-19 13:15:00,131.702326132,131.712204794,131.465238236,131.62309926,63466
2022-01-19 13:00:00,131.583782184,131.731962119,131.413474046,131.662811483,70748
2022-01-19 12:45:00,131.583782184,131.643054158,131.415844925,131.583782184,66839
2022-01-19 12:30:00,131.988807339,132.013503995,131.465238236,131.564024859,77887
2022-01-19 12:15:00,132.038200651,132.275288547,131.978928677,131.978928677,80354
2022-01-19 12:00:00,131.65293282,132.0777153,131.573903522,132.048079313,84762
2022-01-19 11:45:00,132.086013377,132.216016573,131.603539509,131.65293282,204376
2022-01-19 11:30:00,131.860384729,132.186380586,131.860384729,132.072775969,191946
2022-01-19 11:15:00,131.613418171,131.830452382,131.415844925,131.830452382,80490
2022-01-19 11:00:00,131.459804972,131.870263392,131.425723587,131.583782184,103652
2022-01-19 10:45:00,130.763853211,131.801112755,130.724338562,131.475116898,140645
2022-01-19 10:30:00,131.425723587,131.445480912,130.744095886,130.744095886,109443
2022-01-19 10:15:00,131.682568807,131.682568807,131.188635691,131.455359574,185247
2022-01-19 10:00:00,131.850506067,131.939315241,131.325356378,131.662811483,149444
2022-01-19 09:45:00,131.287422314,132.156744599,131.277543652,131.929535365,221660
2022-01-19 09:30:00,131.287422314,131.287422314,131.089849068,131.089849068,560
2022-01-19 09:00:00,131.435602249,131.435602249,131.435602249,131.435602249,698
2022-01-19 08:45:00,131.435602249,131.435602249,131.435602249,131.435602249,200
2022-01-19 08:30:00,131.484995561,131.484995561,131.484995561,131.484995561,545
2022-01-19 07:30:00,131.198514353,131.198514353,131.198514353,131.198514353,200
2022-01-19 07:15:00,131.198514353,131.198514353,131.198514353,131.198514353,235
2022-01-19 07:00:00,131.386208938,131.386208938,131.386208938,131.386208938,348
2022-01-19 05:15:00,131.020698431,131.020698431,131.020698431,131.020698431,400
2022-01-19 04:45:00,131.040455756,131.040455756,131.040455756,131.040455756,235
2022-01-18 19:30:00,131.09972773,131.09972773,131.09972773,131.09972773,100
2022-01-18 18:15:00,131.336815626,131.336815626,131.336815626,131.336815626,296
2022-01-18 17:45:00,131.336815626,131.336815626,131.336815626,131.336815626,201
2022-01-18 17:30:00,131.178757029,131.178757029,131.109606392,131.109606392,308
2022-01-18 17:15:00,131.089849068,131.089849068,131.089849068,131.089849068,250
2022-01-18 17:00:00,131.326936964,131.326936964,131.326936964,131.326936964,2447
2022-01-18 16:30:00,131.633175496,131.633175496,131.633175496,131.633175496,250
2022-01-18 16:15:00,131.326936964,131.326936964,131.326936964,131.326936964,367993
2022-01-18 16:00:00,131.158999704,131.494874223,131.109606392,131.356572951,564555
2022-01-18 15:45:00,131.386208938,131.470177567,131.158999704,131.158999704,212208
2022-01-18 15:30:00,131.534388872,131.544267535,131.253538503,131.3960876,159105
2022-01-18 15:15:00,131.731962119,131.791234093,131.514631548,131.52451021,93317
2022-01-18 15:00:00,131.613418171,131.899899379,131.544267535,131.751719444,101114
2022-01-18 14:45:00,131.722083457,131.909778041,131.623296833,131.623296833,115551
2022-01-18 14:30:00,131.475116898,131.741840781,131.465238236,131.73690145,127226
2022-01-18 14:15:00,131.998686002,132.0777153,131.494874223,131.494874223,98321
2022-01-18 14:00:00,131.850506067,132.097373838,131.840627405,131.998686002,100702
2022-01-18 13:45:00,131.643054158,131.870263392,131.623296833,131.870263392,72712
2022-01-18 13:30:00,131.761598106,131.998686002,131.506926191,131.65293282,83173
2022-01-18 13:15:00,131.484995561,131.791234093,131.484995561,131.761598106,101764
2022-01-18 13:00:00,131.514631548,131.514631548,131.336815626,131.484995561,60587
2022-01-18 12:45:00,131.445480912,131.633175496,131.307179639,131.475116898,89352
2022-01-18 12:30:00,131.801112755,131.801112755,131.317058301,131.455359574,66829
2022-01-18 12:15:00,131.840627405,131.870263392,131.554146197,131.771871915,96381
2022-01-18 12:00:00,131.623296833,131.978928677,131.554146197,131.82087008,83984
2022-01-18 11:45:00,132.018443326,132.018443326,131.376330275,131.621123528,115675
2022-01-18 11:30:00,131.810991418,132.077616514,131.771476768,132.048079313,107048
2022-01-18 11:15:00,131.702326132,132.018443326,131.621123528,131.82087008,117308
2022-01-18 11:00:00,131.26766499,131.731962119,130.97130512,131.712204794,104469
2022-01-18 10:45:00,131.069696597,131.356572951,131.010819769,131.238029003,108574
2022-01-18 10:30:00,130.54652264,131.109606392,130.181012134,131.060213081,207691
2022-01-18 10:15:00,131.317058301,131.351633619,130.487250666,130.516886653,186155
2022-01-18 10:00:00,131.376330275,131.643054158,130.991062445,131.297300977,186791
2022-01-18 09:45:00,131.336815626,132.265409885,131.287422314,131.336815626,457513
2022-01-18 09:30:00,131.346694288,131.386208938,131.070091743,131.277543652,2234
2022-01-18 09:15:00,130.931790471,131.386208938,130.931790471,131.376330275,2863
2022-01-18 09:00:00,131.198514353,131.198514353,131.188635691,131.188635691,589
2022-01-18 08:45:00,131.978928677,131.978928677,131.257786327,131.257786327,8177
2022-01-18 08:30:00,131.94929269,131.94929269,131.94929269,131.94929269,149
2022-01-18 08:15:00,132.37407517,132.37407517,131.662811483,131.722083457,2949
2022-01-18 07:45:00,131.899899379,131.909778041,131.899899379,131.899899379,883
2022-01-18 07:15:00,132.067836638,132.067836638,131.791234093,131.880142054,1263
2022-01-18 05:45:00,131.801112755,131.801112755,131.65293282,131.65293282,759
2022-01-18 04:30:00,131.3960876,131.3960876,131.3960876,131.3960876,170
2022-01-18 04:15:00,131.870263392,131.870263392,131.751719444,131.751719444,540
2022-01-14 20:00:00,132.591405741,132.591405741,132.591405741,132.591405741,470
2022-01-14 19:30:00,132.591405741,132.591504528,132.591405741,132.591504528,322
2022-01-14 19:00:00,132.591504528,132.591504528,132.591504528,132.591504528,127
2022-01-14 17:00:00,132.581527079,132.581527079,132.314803196,132.314803196,1162
2022-01-14 16:30:00,132.581527079,132.581527079,132.581527079,132.581527079,250
2022-01-14 16:15:00,132.581527079,132.581527079,132.581527079,132.581527079,67114
2022-01-14 16:00:00,132.591405741,132.739585676,132.423468482,132.581527079,468711
2022-01-14 15:45:00,132.314803196,132.611163066,132.24565256,132.591405741,187985
2022-01-14 15:30:00,132.492619118,132.729707014,132.265409885,132.304924534,108205
2022-01-14 15:15:00,132.354317846,132.571648417,132.285167209,132.476813258,105535
2022-01-14 15:00:00,132.0777153,132.423468482,132.008564664,132.354317846,91219
2022-01-14 14:45:00,132.0777153,132.295045872,132.048079313,132.057957976,175057
2022-01-14 14:30:00,132.393832495,132.448165138,132.043139982,132.057957976,128921
2022-01-14 14:15:00,132.186380586,132.522255105,132.16168393,132.37407517,109061
2022-01-14 14:00:00,132.354317846,132.37407517,132.067836638,132.176501924,110084
2022-01-14 13:45:00,132.369135839,132.472861793,132.107351287,132.37407517,80145
2022-01-14 13:30:00,132.067836638,132.413589819,132.018443326,132.37407517,110586
2022-01-14 13:15:00,132.314803196,132.364196508,131.682568807,132.0777153,192164
2022-01-14 13:00:00,132.11722995,132.37407517,131.919656703,132.32962119,203972
2022-01-14 12:45:00,132.334560521,132.54201243,132.107351287,132.127108612,261626
2022-01-14 12:30:00,133.035945546,133.059555549,132.255531222,132.334560521,251207
2022-01-14 12:15:00,133.253276117,133.26315478,132.997418763,133.035945546,139672
2022-01-14 12:00:00,133.297730098,133.500242675,133.243397455,133.253276117,149112
2022-01-14 11:45:00,133.016188221,133.342184078,132.814861083,133.273033442,102308
2022-01-14 11:30:00,133.026066884,133.243397455,132.829481503,132.976673572,107456
2022-01-14 11:15:00,133.213761468,133.401456052,132.897644273,133.045824208,137584
2022-01-14 11:00:00,132.635859722,133.253276117,132.512376443,133.214848121,228453
2022-01-14 10:45:00,132.611163066,132.739585676,132.324681859,132.621041728,110818
2022-01-14 10:30:00,132.383953832,132.630920391,131.945933945,132.597530512,135385
2022-01-14 10:15:00,132.107351287,132.621041728,131.919656703,132.383953832,239458
2022-01-14 10:00:00,132.418529151,132.917401598,131.761696893,132.087593963,267397
2022-01-14 09:45:00,132.917401598,132.947037585,131.909778041,132.413589819,340880
2022-01-14 09:30:00,132.67043504,132.67043504,132.37407517,132.571648417,4291
2022-01-14 09:15:00,132.571648417,132.571648417,132.24565256,132.24565256,3621
2022-01-14 09:00:00,132.937158923,132.937158923,132.640799053,132.64089784,1047
2022-01-14 08:45:00,132.621041728,132.621041728,132.532133767,132.621041728,878
2022-01-14 08:30:00,132.571648417,132.907522936,132.571648417,132.907522936,637
2022-01-14 08:15:00,133.045824208,133.045824208,133.045824208,133.045824208,244
2022-01-14 08:00:00,132.50249778,132.877886949,132.50249778,132.868008286,761
2022-01-14 07:15:00,132.917401598,132.917401598,132.917401598,132.917401598,106
2022-01-14 07:00:00,133.124853507,133.124853507,133.124853507,133.124853507,405
2022-01-14 06:45:00,132.907522936,132.907522936,132.907522936,132.907522936,610
2022-01-13 19:00:00,132.96679491,132.96679491,132.96679491,132.96679491,301
2022-01-13 18:45:00,133.233518793,133.233518793,133.233518793,133.233518793,225
2022-01-13 18:30:00,133.233518793,133.233518793,133.233518793,133.233518793,200
2022-01-13 18:15:00,133.016188221,133.085338858,133.016188221,133.085338858,648
2022-01-13 17:45:00,133.065581533,133.065581533,133.065581533,133.065581533,663
2022-01-13 17:00:00,133.114974845,133.361941403,133.105096182,133.233518793,1259
2022-01-13 16:45:00,132.96679491,133.114974845,132.96679491,133.114974845,523
2022-01-13 16:15:00,133.124853507,133.124853507,133.124853507,133.124853507,89569
2022-01-13 16:00:00,133.126829239,133.184125481,132.739585676,133.134732169,581846
2022-01-13 15:45:00,133.164368156,133.381698727,133.006309559,133.124853507,244406
2022-01-13 15:30:00,133.26315478,133.39157739,133.149550163,133.174246819,149334
2022-01-13 15:15:00,133.747209234,133.747209234,133.164368156,133.292790766,128443
2022-01-13 15:00:00,133.599029299,133.77684522,133.490364013,133.747209234,81875
2022-01-13 14:45:00,133.81635987,133.865753181,133.480485351,133.608611601,89947
2022-01-13 14:30:00,133.747209234,133.915146493,133.500242675,133.836117194,101171
2022-01-13 14:15:00,133.813988991,133.81635987,133.549635987,133.737330571,87145
2022-01-13 14:00:00,133.450849364,133.806481207,133.431684759,133.806481207,70644
2022-01-13 13:45:00,133.282912104,133.500242675,133.273033442,133.440970701,93342
2022-01-13 13:30:00,133.258215448,133.529878662,133.208822137,133.302669429,105534
2022-01-13 13:15:00,132.971734241,133.445910033,132.907522936,133.282714531,114959
2022-01-13 13:00:00,133.312548091,133.480485351,132.912462267,132.971734241,138099
2022-01-13 12:45:00,133.040884877,133.529878662,132.917401598,133.312548091,116222
2022-01-13 12:30:00,133.381698727,133.381698727,132.818614975,133.055702871,130697
2022-01-13 12:15:00,133.880571175,133.885510506,133.386638059,133.386638059,134665
2022-01-13 12:00:00,133.618786623,133.915146493,133.529878662,133.875631844,109138
2022-01-13 11:45:00,133.589150636,133.885510506,133.589150636,133.618786623,162204
2022-01-13 11:30:00,134.211506363,134.399200947,133.510121338,133.549635987,167207
2022-01-13 11:15:00,133.559514649,134.270778337,133.539757325,134.191749038,221990
2022-01-13 11:00:00,133.786723883,133.796602545,133.22364013,133.539757325,137434
2022-01-13 10:45:00,133.018657887,133.875631844,133.013224623,133.766966558,193656
2022-01-13 10:30:00,132.512376443,133.105096182,132.393832495,133.035945546,129203
2022-01-13 10:15:00,132.818614975,133.164368156,132.275288547,132.532133767,178898
2022-01-13 10:00:00,133.107269488,133.302669429,132.570561764,132.818614975,222149
2022-01-13 09:45:00,132.275288547,133.628665286,131.939414028,133.080399526,334137
2022-01-13 09:30:00,131.880142054,131.880142054,131.758634507,131.758634507,301
2022-01-13 09:15:00,132.216016573,132.216016573,131.880142054,131.880142054,849
2022-01-13 09:00:00,131.929535365,131.929535365,131.830748742,131.830748742,607
2022-01-13 07:15:00,132.176501924,132.176501924,131.82087008,131.82087008,837
2022-01-13 06:30:00,132.038200651,132.038200651,132.038200651,132.038200651,105
2022-01-12 20:00:00,131.781355431,131.781355431,131.781355431,131.781355431,351
2022-01-12 18:00:00,131.929535365,131.929535365,131.929535365,131.929535365,100
2022-01-12 17:30:00,132.354317846,132.354317846,132.354317846,132.354317846,600
2022-01-12 17:00:00,131.978928677,132.235773898,131.969050015,132.235773898,2550
2022-01-12 16:30:00,132.235773898,132.235773898,131.929535365,131.929535365,681
2022-01-12 16:15:00,131.969050015,131.969050015,131.969050015,131.969050015,353157
2022-01-12 16:00:00,131.924596034,132.097472625,131.830748742,131.988807339,338714
2022-01-12 15:45:00,131.662811483,131.929535365,131.593660846,131.919656703,154833
2022-01-12 15:30:00,131.544267535,131.727022788,131.534388872,131.662811483,115781
2022-01-12 15:15:00,131.208393016,131.540513643,131.158999704,131.540513643,160467
2022-01-12 15:00:00,131.425723587,131.425723587,131.194562888,131.198514353,156159
2022-01-12 14:45:00,131.564024859,131.593660846,131.336815626,131.425723587,129020
2022-01-12 14:30:00,131.559085528,131.623296833,131.475116898,131.548416573,217810
2022-01-12 14:15:00,131.455359574,131.623296833,131.361512282,131.573903522,105176
2022-01-12 14:00:00,131.643054158,131.672690145,131.277543652,131.470177567,108556
2022-01-12 13:45:00,131.741840781,131.885081385,131.583782184,131.633175496,127589
2022-01-12 13:30:00,131.554146197,131.801112755,131.470473927,131.731962119,118159
2022-01-12 13:15:00,131.539328204,131.633175496,131.391148269,131.568964191,110730
2022-01-12 13:00:00,131.09972773,131.65293282,131.09972773,131.539328204,91428
2022-01-12 12:45:00,131.218271678,131.301054868,131.010819769,131.089849068,106223
2022-01-12 12:30:00,131.089849068,131.455359574,131.070091743,131.22815034,106714
2022-01-12 12:15:00,131.000941107,131.218271678,130.902154484,131.089849068,135639
2022-01-12 12:00:00,130.92448026,131.119485055,130.862639834,131.020698431,138202
2022-01-12 11:45:00,130.457614679,131.020698431,130.457614679,130.921911808,180673
2022-01-12 11:30:00,130.141497484,130.595817165,129.884652264,130.467493341,171324
2022-01-12 11:15:00,130.427978692,130.487250666,129.884652264,130.151376147,159328
2022-01-12 11:00:00,129.905990175,130.467493341,129.904508375,130.41810003,183120
2022-01-12 10:45:00,130.279798757,130.566279964,129.775986978,129.904409589,256505
2022-01-12 10:30:00,130.526765315,130.646988636,130.092104173,130.279798757,205878
2022-01-12 10:15:00,130.615673276,130.684823912,130.260041432,130.567267831,220211
2022-01-12 10:00:00,131.060213081,131.208294229,130.5763562,130.595915951,230791
2022-01-12 09:45:00,131.633175496,132.838372299,130.576158627,131.094788399,497902
2022-01-12 09:30:00,131.198514353,131.781355431,131.198514353,131.781355431,957
2022-01-12 09:15:00,131.297300977,131.662811483,131.198514353,131.662811483,762
2022-01-12 08:45:00,131.198514353,131.386208938,131.070091743,131.386208938,1774
2022-01-12 08:30:00,131.07019053,131.188635691,131.070091743,131.070091743,539
2022-01-12 08:15:00,131.089849068,131.139242379,131.070091743,131.070091743,1789
2022-01-12 08:00:00,131.089849068,131.089849068,131.089849068,131.089849068,302
2022-01-12 07:45:00,131.188635691,131.188635691,131.188635691,131.188635691,100
2022-01-12 07:30:00,131.089849068,131.089849068,131.089849068,131.089849068,185
2022-01-11 20:00:00,131.188635691,131.238029003,131.188635691,131.238029003,1085
2022-01-11 19:30:00,131.139242379,131.139242379,131.139242379,131.139242379,112
2022-01-11 18:45:00,131.070091743,131.070091743,131.050334418,131.050334418,301
2022-01-11 18:30:00,131.070091743,131.168878366,131.070091743,131.168878366,425
2022-01-11 18:15:00,131.070091743,131.070091743,131.070091743,131.070091743,230
2022-01-11 17:45:00,131.040455756,131.22815034,131.040455756,131.22815034,786
2022-01-11 17:30:00,131.09972773,131.09972773,131.09972773,131.09972773,102
2022-01-11 17:15:00,131.129363717,131.208393016,131.129363717,131.139242379,2586
2022-01-11 17:00:00,131.139242379,131.139242379,131.139242379,131.139242379,300
2022-01-11 16:45:00,131.129363717,131.129363717,131.129363717,131.129363717,288
2022-01-11 16:30:00,131.336815626,131.336815626,130.892275821,130.941669133,1708
2022-01-11 16:15:00,131.257786327,131.257786327,130.912033146,130.912033146,113079
2022-01-11 16:00:00,131.307179639,131.356572951,130.992247884,131.218271678,734538
2022-01-11 15:45:00,131.000941107,131.633175496,131.000941107,131.321997632,447183
2022-01-11 15:30:00,131.272604321,131.455359574,130.931790471,130.986123113,303530
2022-01-11 15:15:00,130.640369932,131.410905593,130.571416869,131.272604321,448685
2022-01-11 15:00:00,130.694702575,130.813246523,130.566279964,130.640369932,224470
2022-01-11 14:45:00,130.240284108,130.7439971,130.161254809,130.695097721,211111
2022-01-11 14:30:00,129.86983427,130.279798757,129.785865641,130.230405445,155344
2022-01-11 14:15:00,129.894530926,129.894530926,129.617928381,129.835258952,128419
2022-01-11 14:00:00,129.697945546,130.022953537,129.667321693,129.89354306,141318
2022-01-11 13:45:00,129.914288251,129.943924238,129.578512518,129.716715004,487346
2022-01-11 13:30:00,129.805622965,130.022953537,129.795744303,129.902631429,133975
2022-01-11 13:15:00,130.042710861,130.052589524,129.479627109,129.824985144,182538
2022-01-11 13:00:00,129.874773602,130.171133471,129.82538029,130.072346848,176124
2022-01-11 12:45:00,129.509263096,129.925549926,129.479627109,129.859362888,149610
2022-01-11 12:30:00,129.341325836,129.845137615,129.321568511,129.479627109,182503
2022-01-11 12:15:00,128.773302752,129.390719148,128.699212785,129.346265167,187935
2022-01-11 12:00:00,129.404845635,129.519141758,128.580668837,128.748704883,232481
2022-01-11 11:45:00,129.044965966,129.598171057,129.044965966,129.410476472,250984
2022-01-11 11:30:00,128.847195146,129.153631252,128.669576798,129.025208642,259166
2022-01-11 11:15:00,128.511518201,128.872089376,128.452246227,128.80787807,241908
2022-01-11 11:00:00,127.780497189,128.738727434,127.691589228,128.531275525,473023
2022-01-11 10:45:00,127.948434448,128.531275525,127.775162711,127.790375851,452543
2022-01-11 10:30:00,128.047221071,128.244794318,127.474258656,127.928677123,448440
2022-01-11 10:15:00,127.968092986,128.323823616,127.53353063,128.052160402,515692
2022-01-11 10:00:00,127.32262119,128.12625037,127.069233501,127.978070435,702263
2022-01-11 09:45:00,128.936300681,129.598171057,126.417241788,127.326078722,2168991
2022-01-11 09:30:00,128.620183486,129.667321693,128.620183486,128.728848772,37900
2022-01-11 09:15:00,128.521396863,128.817756733,128.452246227,128.669576798,22980
2022-01-11 09:00:00,128.71897011,129.015329979,128.560911512,128.630062149,20044
2022-01-11 08:45:00,129.311689849,129.311689849,128.659698136,128.817756733,17043
2022-01-11 08:30:00,129.351204498,129.40059781,129.015329979,129.212903226,13198
2022-01-11 08:15:00,130.398342705,130.398342705,129.015329979,129.114116603,27269
2022-01-11 08:00:00,130.37858538,130.398342705,129.904409589,129.9538029,13656
2022-01-11 07:45:00,130.339070731,130.398342705,130.240284108,130.398342705,9218
2022-01-11 07:30:00,130.368706718,130.368706718,130.358828056,130.358828056,1742
2022-01-11 07:15:00,130.289677419,130.398342705,130.052589524,130.200769458,6326
2022-01-11 06:45:00,129.934045576,129.9538029,129.934045576,129.9538029,325
2022-01-11 06:30:00,130.013074874,130.052589524,130.013074874,130.052589524,1508
2022-01-11 06:15:00,130.013074874,130.013074874,130.013074874,130.013074874,788
2022-01-11 06:00:00,130.101982835,130.111861497,130.101982835,130.111861497,697
2022-01-11 05:45:00,130.744095886,130.744095886,130.101982835,130.141497484,1263
2022-01-11 05:00:00,130.704581237,130.704581237,130.704581237,130.704581237,1133
2022-01-11 04:45:00,130.704581237,130.704581237,130.704581237,130.704581237,502
2022-01-11 04:30:00,131.376330275,131.376330275,130.576158627,130.576158627,1400
2022-01-11 04:15:00,132.097472625,132.097472625,131.079970405,131.287422314,7694
2022-01-10 20:00:00,133.39157739,133.39157739,133.39157739,133.39157739,111
2022-01-10 19:30:00,133.440970701,133.440970701,133.440970701,133.440970701,500
2022-01-10 19:15:00,133.549635987,133.549635987,133.549635987,133.549635987,150
2022-01-10 18:15:00,133.460728026,133.559514649,133.460728026,133.559514649,636
2022-01-10 17:30:00,133.757087896,133.757087896,133.757087896,133.757087896,100
2022-01-10 17:15:00,133.361941403,133.806481207,133.361941403,133.806481207,211
2022-01-10 16:45:00,134.349807635,134.349807635,134.349807635,134.349807635,205
2022-01-10 16:30:00,134.349807635,134.349807635,133.194006119,133.194006119,3974
2022-01-10 16:15:00,133.39157739,133.39157739,133.39157739,133.39157739,163285
2022-01-10 16:00:00,133.292790766,133.470606688,133.164368156,133.361941403,563951
2022-01-10 15:45:00,133.39157739,133.608907961,133.168418408,133.308794199,198326
2022-01-10 15:30:00,133.342184078,133.470606688,133.282912104,133.371820065,111603
2022-01-10 15:15:00,133.806481207,133.836117194,133.332305416,133.332305416,132300
2022-01-10 15:00:00,133.850935188,133.905267831,133.510121338,133.791663214,107993
2022-01-10 14:45:00,134.055423498,134.11271974,133.786723883,133.875335484,131763
2022-01-10 14:30:00,134.181870376,134.399200947,134.043569103,134.04455697,113863
2022-01-10 14:15:00,134.092962415,134.547380882,134.063326428,134.167052382,149960
2022-01-10 14:00:00,133.934903818,134.122598402,133.895389168,134.092962415,130663
2022-01-10 13:45:00,133.964539805,134.152234389,133.81635987,133.974418467,121354
2022-01-10 13:30:00,133.915146493,134.063326428,133.717672033,133.963551938,94720
2022-01-10 13:15:00,133.81635987,134.053447766,133.806481207,133.915146493,81385
2022-01-10 13:00:00,133.791663214,134.102841077,133.727451909,133.801541876,93097
2022-01-10 12:45:00,133.954661142,134.013933116,133.766966558,133.791663214,109652
2022-01-10 12:30:00,133.826238532,134.023712992,133.510121338,133.949721811,91830
2022-01-10 12:15:00,133.381698727,133.845995857,133.317487422,133.836117194,125394
2022-01-10 12:00:00,132.443225806,133.470606688,132.433347144,133.39157739,141752
2022-01-10 11:45:00,132.92728026,132.92728026,132.354317846,132.448165138,141046
2022-01-10 11:30:00,132.700071027,133.149550163,132.54201243,132.942098254,167980
2022-01-10 11:15:00,132.561769754,132.868008286,132.295045872,132.680313702,122963
2022-01-10 11:00:00,132.008564664,132.591405741,131.94929269,132.551891092,174020
2022-01-10 10:45:00,132.280227878,132.462983131,131.761598106,132.022394791,170897
2022-01-10 10:30:00,132.136987274,132.530158035,131.978928677,132.285167209,228515
2022-01-10 10:15:00,132.235773898,132.650677715,131.830847529,132.127701332,266467
2022-01-10 10:00:00,133.250213732,133.747209234,132.146865937,132.146865937,259402
2022-01-10 09:45:00,132.838372299,134.547380882,132.430383545,133.332305416,460679
2022-01-10 09:30:00,132.937158923,132.937158923,132.680313702,132.680313702,2042
2022-01-10 09:15:00,132.947037585,133.006309559,132.947037585,133.006309559,897
2022-01-10 09:00:00,133.144610832,133.144610832,133.144610832,133.144610832,303
2022-01-10 08:45:00,133.361941403,133.361941403,133.194004143,133.194004143,648
2022-01-10 08:15:00,133.09521752,133.09521752,133.065581533,133.065581533,509
2022-01-10 07:30:00,133.065581533,133.065581533,133.065581533,133.065581533,485
2022-01-10 07:15:00,133.361941403,133.361941403,133.361941403,133.361941403,822
2022-01-10 07:00:00,133.361941403,133.361941403,133.361941403,133.361941403,471
2022-01-10 06:45:00,133.361941403,133.361941403,133.361941403,133.361941403,300
2022-01-10 06:15:00,133.361941403,133.361941403,133.361941403,133.361941403,500
2022-01-10 06:00:00,133.361941403,133.361941403,133.361941403,133.361941403,101
2022-01-10 04:45:00,133.342184078,133.460728026,133.342184078,133.460728026,816
2022-01-07 19:30:00,133.194004143,133.312548091,133.194004143,133.312548091,415
2022-01-07 18:45:00,133.065581533,133.194004143,133.065581533,133.065581533,576
2022-01-07 18:30:00,133.184125481,133.194004143,133.184125481,133.194004143,500
2022-01-07 18:15:00,132.976673572,132.976673572,132.976673572,132.976673572,200
2022-01-07 17:00:00,133.144610832,133.144610832,132.996430897,132.996430897,1398
2022-01-07 16:45:00,132.868008286,132.868008286,132.868008286,132.868008286,101
2022-01-07 16:30:00,133.194004143,133.194004143,132.868008286,132.868008286,200
2022-01-07 16:15:00,133.194004143,133.194004143,132.690192365,133.194004143,86815
2022-01-07 16:00:00,133.292790766,133.490364013,132.986552234,133.174246819,638345
2022-01-07 15:45:00,133.322426753,133.549635987,133.282912104,133.292790766,183720
2022-01-07 15:30:00,133.510121338,133.539757325,133.154489494,133.342184078,134377
2022-01-07 15:15:00,133.065581533,133.549635987,133.055702871,133.515060669,144451
2022-01-07 15:00:00,132.946049719,133.134732169,132.848250962,133.05076354,168475
2022-01-07 14:45:00,132.937257709,133.065581533,132.902583605,132.917401598,82940
2022-01-07 14:30:00,133.144610832,133.243397455,132.887765611,132.951976916,74553
2022-01-07 14:15:00,133.243397455,133.322426753,133.065581533,133.124853507,99868
2022-01-07 14:00:00,133.026066884,133.253276117,132.996430897,133.253276117,94973
2022-01-07 13:45:00,132.947432732,133.124853507,132.815848949,133.01124889,156149
2022-01-07 13:30:00,133.23914963,133.282912104,132.838372299,132.92728026,108227
2022-01-07 13:15:00,133.273033442,133.431092039,133.184125481,133.273033442,102378
2022-01-07 13:00:00,133.154489494,133.332305416,133.114974845,133.26315478,76582
2022-01-07 12:45:00,133.144610832,133.342184078,133.110035513,133.164368156,109804
2022-01-07 12:30:00,132.947037585,133.164368156,132.907522936,133.1396715,91192
2022-01-07 12:15:00,133.213761468,133.213761468,132.72397739,132.947037585,118541
2022-01-07 12:00:00,133.065581533,133.282615744,132.621041728,133.233518793,115681
2022-01-07 11:45:00,132.532133767,133.144314472,132.532133767,133.078028648,122441
2022-01-07 11:30:00,132.789077774,132.803796981,132.334560521,132.551891092,117134
2022-01-07 11:15:00,132.799845516,132.92728026,132.611163066,132.759343001,114144
2022-01-07 11:00:00,132.275288547,132.907522936,131.891107369,132.810810832,229264
2022-01-07 10:45:00,132.769221663,132.818614975,132.196259248,132.314803196,257785
2022-01-07 10:30:00,133.114974845,133.243397455,132.729707014,132.779100326,222383
2022-01-07 10:15:00,132.92728026,133.569393312,132.828493637,133.09521752,244055
2022-01-07 10:00:00,132.907522936,133.361941403,132.887765611,132.917401598,189709
2022-01-07 09:45:00,133.26315478,134.015711276,132.779100326,132.907522936,304544
2022-01-07 09:30:00,133.26315478,133.26315478,132.551891092,133.194004143,5289
2022-01-07 09:15:00,133.174246819,133.174246819,133.174246819,133.174246819,191
2022-01-07 09:00:00,133.243397455,133.26315478,133.243397455,133.26315478,500
2022-01-07 08:45:00,133.184125481,133.253276117,133.174246819,133.194004143,1728
2022-01-07 08:15:00,133.440970701,133.440970701,133.361941403,133.431092039,1027
2022-01-06 19:45:00,133.806481207,133.806481207,133.806481207,133.806481207,1082
2022-01-06 19:30:00,133.717573247,133.717573247,133.717573247,133.717573247,250
2022-01-06 19:15:00,133.697815922,133.757087896,133.697815922,133.757087896,302
2022-01-06 19:00:00,133.717573247,133.717573247,133.697815922,133.697815922,375
2022-01-06 18:45:00,133.757087896,133.757087896,133.757087896,133.757087896,194
2022-01-06 18:15:00,133.727451909,133.757087896,133.658301273,133.658301273,1650
2022-01-06 18:00:00,133.707694584,133.766966558,133.608907961,133.757087896,6040
2022-01-06 17:45:00,133.628665286,133.628665286,133.411334714,133.411334714,2709
2022-01-06 17:30:00,133.707694584,133.707694584,133.707694584,133.707694584,609
2022-01-06 17:00:00,133.717573247,133.717573247,133.64842261,133.64842261,1479
2022-01-06 16:45:00,133.757087896,133.757087896,133.697815922,133.707694584,37260
2022-01-06 16:30:00,133.766966558,133.766966558,133.766966558,133.766966558,913
2022-01-06 16:15:00,133.697815922,133.697815922,133.697815922,133.697815922,126979
2022-01-06 16:00:00,133.915146493,134.181870376,133.697815922,133.697815922,758225
2022-01-06 15:45:00,133.918110092,134.097901746,133.870692513,133.925025155,420573
2022-01-06 15:30:00,134.07320509,134.124178988,133.855874519,133.920085824,243116
2022-01-06 15:15:00,133.702755253,134.171991714,133.702755253,134.07320509,212106
2022-01-06 15:00:00,133.865753181,134.055423498,133.679046463,133.697815922,146874
2022-01-06 14:45:00,133.870692513,133.94478248,133.757087896,133.845995857,136799
2022-01-06 14:30:00,133.282912104,133.870692513,133.268094111,133.865753181,106074
2022-01-06 14:15:00,133.26315478,133.401456052,133.184125481,133.26315478,144942
2022-01-06 14:00:00,133.77684522,133.910207162,133.17918615,133.273033442,207194
2022-01-06 13:45:00,133.664919976,133.885510506,133.579271974,133.781784552,142483
2022-01-06 13:30:00,133.500242675,133.77684522,133.312548091,133.678058597,122052
2022-01-06 13:15:00,133.105096182,133.539757325,133.105096182,133.539757325,121913
2022-01-06 13:00:00,133.569393312,133.727451909,133.055702871,133.090278189,176100
2022-01-06 12:45:00,133.143030246,133.628665286,133.143030246,133.569393312,150233
2022-01-06 12:30:00,133.233518793,133.845995857,133.124952294,133.124952294,309768
2022-01-06 12:15:00,132.660556378,133.208822137,132.472861793,133.144709618,185642
2022-01-06 12:00:00,132.048079313,133.045824208,132.038200651,132.685253033,393842
2022-01-06 11:45:00,131.208393016,132.240713229,131.089849068,132.018443326,374047
2022-01-06 11:30:00,131.198514353,131.544267535,130.921911808,131.238029003,477727
2022-01-06 11:15:00,131.667750814,131.713192661,130.902154484,131.198514353,607398
2022-01-06 11:00:00,133.070520864,133.144610832,131.593660846,131.692348683,418900
2022-01-06 10:45:00,132.512969162,133.559514649,132.433347144,133.055702871,360677
2022-01-06 10:30:00,133.315412903,133.431092039,132.383953832,132.499534182,375356
2022-01-06 10:15:00,133.026066884,133.984297129,132.265409885,133.297730098,769783
2022-01-06 10:00:00,135.051192661,135.081421367,132.917401598,133.031006215,679411
2022-01-06 09:45:00,136.523113347,136.730466469,134.083083753,135.130221959,932284
2022-01-06 09:30:00,136.532992009,136.532992009,136.098330867,136.394690737,7804
2022-01-06 09:15:00,136.434205386,136.434205386,136.424326724,136.424326724,1838
2022-01-06 09:00:00,136.177360166,136.325540101,136.177360166,136.325540101,3355
2022-01-06 08:45:00,136.434205386,136.434205386,136.325540101,136.325540101,1411
2022-01-06 08:30:00,136.473720036,136.62189997,136.424326724,136.62189997,2622
2022-01-06 08:15:00,136.188424268,136.414448062,136.039058893,136.414448062,3913
2022-01-06 08:00:00,136.414448062,136.414448062,136.414448062,136.414448062,108
2022-01-06 07:45:00,136.226753477,136.226753477,136.187238828,136.187238828,692
2022-01-06 07:30:00,136.404569399,136.404569399,136.404569399,136.404569399,101
2022-01-06 07:15:00,136.19711749,136.19711749,136.19711749,136.19711749,200
2022-01-06 06:30:00,136.325540101,136.325540101,136.325540101,136.325540101,277
2022-01-06 05:00:00,135.930393608,135.930393608,135.930393608,135.930393608,275
2022-01-05 20:00:00,136.414448062,136.463841373,136.414448062,136.463841373,280
2022-01-05 19:45:00,136.552749334,136.562627996,136.552749334,136.562627996,1000
2022-01-05 19:15:00,135.930393608,136.325540101,135.930393608,136.325540101,674
2022-01-05 19:00:00,136.414448062,136.414448062,135.930393608,135.930393608,1000
2022-01-05 18:45:00,136.187238828,136.542870672,136.187238828,136.542870672,2916
2022-01-05 18:30:00,135.594519088,136.206996153,135.594519088,135.841485647,2356
2022-01-05 18:15:00,135.979786919,136.127966854,135.979786919,136.127966854,2177
2022-01-05 18:00:00,136.226753477,136.226753477,135.950150932,136.078573542,3050
2022-01-05 17:45:00,135.851364309,136.226753477,135.831606984,135.950150932,7620
2022-01-05 17:30:00,136.542870672,136.542870672,135.584640426,135.841485647,7922
2022-01-05 17:00:00,136.355176088,136.355176088,136.355176088,136.355176088,801
2022-01-05 16:45:00,136.62189997,136.799715892,136.335418763,136.335418763,3771
2022-01-05 16:30:00,136.809594555,136.809594555,136.671293282,136.671293282,529
2022-01-05 16:15:00,136.542870672,137.175105061,136.272590471,136.641657295,105820
2022-01-05 16:00:00,137.056561113,137.056561113,136.483598698,136.542870672,999384
2022-01-05 15:45:00,137.412192956,137.47146493,136.893563184,137.061500444,492673
2022-01-05 15:30:00,137.866611423,138.093820657,137.431950281,137.431950281,293564
2022-01-05 15:15:00,137.817316898,138.004912696,137.550494229,137.89624741,288401
2022-01-05 15:00:00,137.975276709,138.113577982,137.47146493,137.846854099,372841
2022-01-05 14:45:00,138.968082273,139.089984966,137.955519384,137.960458716,330918
2022-01-05 14:30:00,139.052050903,139.269381474,138.948324948,138.968082273,345468
2022-01-05 14:15:00,139.427440071,139.427440071,138.943089257,139.052050903,318092
2022-01-05 14:00:00,139.733678603,139.901615863,139.417561409,139.447197396,197199
2022-01-05 13:45:00,139.615035869,139.941130512,139.506271796,139.738617934,210653
2022-01-05 13:30:00,139.585498668,139.76331459,139.299017461,139.614838295,242327
2022-01-05 13:15:00,139.980645161,140.148582421,139.50646937,139.573644273,243171
2022-01-05 13:00:00,140.079431785,140.158461083,139.773193252,139.995463155,285246
2022-01-05 12:45:00,140.109067772,140.474578278,139.842343889,140.064613791,481634
2022-01-05 12:30:00,139.348410772,140.137715892,139.323714117,140.114007103,281048
2022-01-05 12:15:00,138.903870968,139.348410772,138.884113643,139.348410772,229613
2022-01-05 12:00:00,138.849538325,139.101444214,138.824841669,138.910390885,138452
2022-01-05 11:45:00,138.409937851,138.992778929,138.261757917,138.849538325,190192
2022-01-05 11:30:00,138.23212193,138.48896715,138.153092631,138.429596389,189221
2022-01-05 11:15:00,138.449452501,138.513663806,138.153092631,138.242000592,184078
2022-01-05 11:00:00,138.824841669,138.874234981,138.32102989,138.439573838,180113
2022-01-05 10:45:00,138.202485943,138.834720331,138.123456644,138.822865937,425385
2022-01-05 10:30:00,136.947895827,138.23212193,136.928138503,138.212364605,363005
2022-01-05 10:15:00,137.066439775,137.115833087,136.523113347,136.957774489,150463
2022-01-05 10:00:00,137.283770346,137.562052264,136.473720036,137.076318437,265033
2022-01-05 09:45:00,136.631778633,137.352920983,136.206996153,137.254134359,423623
2022-01-05 09:30:00,136.691050607,137.165226398,136.335418763,136.720686594,16254
2022-01-05 09:15:00,136.325540101,136.374933412,136.305782776,136.325540101,2594
2022-01-05 09:00:00,136.384812075,136.384812075,136.384812075,136.384812075,118
2022-01-05 08:45:00,136.424326724,136.463841373,136.424326724,136.463841373,245
2022-01-05 08:30:00,136.276146789,136.552749334,136.276146789,136.552749334,1174
2022-01-05 08:15:00,136.127966854,136.562627996,136.127966854,136.444084049,2196
2022-01-05 08:00:00,136.424326724,136.424326724,136.424326724,136.424326724,142
2022-01-05 07:15:00,136.286025451,136.286025451,136.286025451,136.286025451,169
